Id,JobId,Title,Employer,Source,Description,Location,Industry,ExpiryDate,ScrappedDate
0,152105,Content Leader/Social Media Marketing Coordinator/Website Designer,13.12.2023 | MISSION AFRICA INSTITUTE OF TECHNOLOGY,https://www.ghanajob.com/job-vacancies-ghana/content-leadersocial-media-marketing-coordinatorwebsite-designer-152105,We are looking for a Content manager and Media Marketing Coordinator who can design or improve WebsitesResponsibilitiesA social media...,Region of : Greater Accra,,,12/13/2023 00:00:00
0,152151,Document Controller,13.12.2023 | ARCHTYPE GROUP,https://www.ghanajob.com/job-vacancies-ghana/document-controller-152151,"ResponsibilitiesControl the numbering, sorting, filling, storing and retrieval of both electronical and hard copy documents produced...",Region of : Ashanti - Brong Ahafo - Central - Eastern - Greater Accra -...,,,12/13/2023 00:00:00
0,152154,Business Development Officer,13.12.2023 | HCOWA GHANA LIMITED COMPANY,https://www.ghanajob.com/job-vacancies-ghana/business-development-officer-152154,"ResponsibilitiesIdentify and research prospects, clients or partners.Develop and present proposals to partnersAbility to sign up contracts...",Region of : Greater Accra,,,12/13/2023 00:00:00
0,152266,Intern/Product Design - Full Remote (Africa),13.12.2023 | AMAZETHU,https://www.ghanajob.com/job-vacancies-ghana/internproduct-design-full-remote-africa-152266,"Company DescriptionAmazéthu is a language and technology company. We use the latest in deep learning, speech processing and artificial...",Region of : Ashanti - Brong Ahafo - Central - Eastern - Greater Accra -...,,,12/13/2023 00:00:00
0,152461,Income Tax Specialist,13.12.2023 | AFRICAN TAX ADMINISTRATION FORUM (ATAF),https://www.ghanajob.com/job-vacancies-ghana/income-tax-specialist-152461,The African Tax Administration Forum (ATAF) has received financing from the African Development Fund toward the cost of the Regional...,Region of : International,,,12/13/2023 00:00:00
0,152462,Transfer Pricing Specialist,13.12.2023 | AFRICAN TAX ADMINISTRATION FORUM (ATAF),https://www.ghanajob.com/job-vacancies-ghana/transfer-pricing-specialist-152462,The African Tax Administration Forum (ATAF) has received financing from the African Development Fund toward the cost of the Regional...,Region of : International,,,12/13/2023 00:00:00
0,152550,Student Recruitment Officer,13.12.2023 | PUNZILA EDUCATIONAL SERVICES,https://www.ghanajob.com/job-vacancies-ghana/student-recruitment-officer-152550,This position within our management team will be responsible for overseeingall study abroad based recruitment activities for the companyin...,Region of : Greater Accra,,,12/13/2023 00:00:00
0,152642,Medical Representative,13.12.2023 | PHYTO-RIKER PHARMACEUTICALS LIMITED,https://www.ghanajob.com/job-vacancies-ghana/medical-representative-152642,DEPARTMENT: MARKETING &amp; SALES &nbsp;&nbsp;&nbsp;&nbsp;&nbsp;&nbsp;&nbsp;&nbsp;&nbsp;&nbsp;&nbsp;&nbsp;&nbsp;&nbsp;&nbsp;&nbsp; &nbsp;...,Region of : Greater Accra,,,12/13/2023 00:00:00
0,152795,Administrative Assistant,13.12.2023 | AQUA SMILE,https://www.ghanajob.com/job-vacancies-ghana/administrative-assistant-152795,"WHAT YOU WILL DOOrganize and schedule appointmentsPlan meetings and take detailed minutesWrite and distribute email, correspondence memos,...",Region of : Volta,,,12/13/2023 00:00:00
0,152942,Online Tutors,13.12.2023 | EDUCIFY INC.,https://www.ghanajob.com/job-vacancies-ghana/online-tutors-152942,"We are seeking Tutors who will help our students in various fields (Language, IT, Science, Arts, Academics, Culinary and others)!You will...",Region of : Ashanti - Brong Ahafo - Central - Eastern - Greater Accra -...,,,12/13/2023 00:00:00
0,152991,POS Technician,13.12.2023 | PYSMA GROUP GHANA,https://www.ghanajob.com/job-vacancies-ghana/pos-technician-152991,A POS technician is a trained professional who is involved in the day-to-day operation of technology applications and equipment related to...,Region of : Greater Accra,,,12/13/2023 00:00:00
0,153081,Sales Representative,13.12.2023 | BAOBAB TECHNOLOGY,https://www.ghanajob.com/job-vacancies-ghana/sales-representative-153081,"Responsibilities:Responsible for the sales of the company&#39;s electrical products, including switches, sockets, welding rods, adhesives,...",Region of : Greater Accra,,,12/13/2023 00:00:00
0,153082,Marketing Director,13.12.2023 | BAOBAB TECHNOLOGY,https://www.ghanajob.com/job-vacancies-ghana/marketing-director-153082,"ResponsibilitiesDevelop and implement marketing strategies for the promotion and sales of the company&#39;s electrical products, including...",Region of : Greater Accra,,,12/13/2023 00:00:00
0,153248,Maintenance Manager for a Photovoltaic Solar Power Plant,13.12.2023 | AUTOLUYE,https://www.ghanajob.com/job-vacancies-ghana/maintenance-manager-photovoltaic-solar-power-plant-153248,We are seeking an experienced maintenance engineer to oversee a photovoltaic solar power plant (PV).Responsibilities:Plan and organize...,Region of : International,,,12/13/2023 00:00:00
0,153354,Sales Agent,13.12.2023 | HERMES-SOFT TECHNOLOGIES,https://www.ghanajob.com/job-vacancies-ghana/sales-agent-153354,Responsibilities&nbsp;Sales Agent establish relationships with new customersMaintain and grow relationships with existing customersStrive...,Region of : Greater Accra,,,12/13/2023 00:00:00
0,153390,"Manager, Finance and Operations",13.12.2023 | ENGENDERHEALTH,https://www.ghanajob.com/job-vacancies-ghana/manager-finance-operations-153390,COMPANY SUMMARY:EngenderHealth envisions a gender-equal world where all people achieve their sexual and reproductive health and rights. We...,Region of : Ashanti - Brong Ahafo - Central - Eastern - Greater Accra -...,,,12/13/2023 00:00:00
0,153393,Chief of Party (COP),13.12.2023 | ENGENDERHEALTH,https://www.ghanajob.com/job-vacancies-ghana/chief-party-cop-153393,COMPANY SUMMARYEngenderHealth envisions a gender-equal world where all people achieve their sexual and reproductive health and rights. We...,Region of : Ashanti - Brong Ahafo - Central - Eastern - Greater Accra -...,,,12/13/2023 00:00:00
0,153403,Website Portfolio Manager,13.12.2023 | TRUSTED FOLKS IT SOLUTIONS,https://www.ghanajob.com/job-vacancies-ghana/website-portfolio-manager-153403,"As a Website Portfolio Manager, you job will include the following:Monitoring the expiration of domains and sending notification to...",Region of : Greater Accra,,,12/13/2023 00:00:00
0,153412,French Sales Officer,13.12.2023 | SASA B2E MANAGEMENT SARL,https://www.ghanajob.com/job-vacancies-ghana/french-sales-officer-153412,"We are looking for our client in the Import-Export and Manufacturing Industry, a high-performing French Sales Officer to help us meet our...",Region of : International,,,12/13/2023 00:00:00
0,153501,Network Technician,13.12.2023 | COLI LINK GHANA LIMITED,https://www.ghanajob.com/job-vacancies-ghana/network-technician-153501,We are looking an&nbsp;Network Technician Who Can Ride a MotorA field technician who will be doing the following:Visiting our base stations...,Region of : Greater Accra,,,12/13/2023 00:00:00
0,153315,Lead Software Engineer - Python,13.12.2023 | REMOTE,https://www.ghanajob.com/job-vacancies-ghana/lead-software-engineer-python-153315,"Datapeople is working to make the hiring process more fair, equitable, and simple for everyone involved. We provide editing tools and...",Region of : Ashanti - Brong Ahafo - Central - Eastern - Greater Accra -...,,,12/13/2023 00:00:00
0,153316,Senior Web Designer,13.12.2023 | REMOTE,https://www.ghanajob.com/job-vacancies-ghana/senior-web-designer-153316,All of our positions are fully remote. You do not have to relocate to join us!What this job can offer youFocus on improving the overall...,Region of : Ashanti - Brong Ahafo - Central - Eastern - Greater Accra -...,,,12/13/2023 00:00:00
0,153318,Staff Backend Engineer,13.12.2023 | REMOTE,https://www.ghanajob.com/job-vacancies-ghana/staff-backend-engineer-153318,All of our positions are fully remote. You do not have to relocate to join us!What this job can offer youComplex and meaningful challenges...,Region of : Ashanti - Brong Ahafo - Central - Eastern - Greater Accra -...,,,12/13/2023 00:00:00
0,153320,Senior UX Researcher,13.12.2023 | REMOTE,https://www.ghanajob.com/job-vacancies-ghana/senior-ux-researcher-153320,All of our positions are fully remote. You do not have to relocate to join us!The positionThis is an exciting time to join Remote and make...,Region of : Ashanti - Brong Ahafo - Central - Eastern - Greater Accra -...,,,12/13/2023 00:00:00
0,153668,LCS Sales Representative,12.12.2023 | XYLEM,https://www.ghanajob.com/job-vacancies-ghana/lcs-sales-representative-153668,"1) The tissue in plants that brings water upward from the roots;2) a leading global water technology company.Xylem, a leading global water...",Region of : Ashanti - Brong Ahafo - Central - Eastern - Greater Accra -...,,,12/13/2023 00:00:00
0,153668,LCS Sales Representative,12.12.2023 | XYLEM,https://www.ghanajob.com/job-vacancies-ghana/lcs-sales-representative-153668,"1) The tissue in plants that brings water upward from the roots;2) a leading global water technology company.Xylem, a leading global water...",Region of : Ashanti - Brong Ahafo - Central - Eastern - Greater Accra -...,,,12/13/2023 00:00:00
0,153664,Sales Support Manager,12.12.2023 | XYLEM,https://www.ghanajob.com/job-vacancies-ghana/sales-support-manager-153664,Job Summary:The Engineering team is seeking for a Sales Support Manager who is passionate about proposal generation and management. In our...,Region of : Ashanti - Brong Ahafo - Central - Eastern - Greater Accra -...,,,12/13/2023 00:00:00
0,153659,Warehouse Manager,12.12.2023 | XYLEM,https://www.ghanajob.com/job-vacancies-ghana/warehouse-manager-153659,"1) The tissue in plants that brings water upward from the roots;2) a leading global water technology company.Xylem, a leading global water...",Region of : Ashanti - Brong Ahafo - Central - Eastern - Greater Accra -...,,,12/13/2023 00:00:00
0,153660,Senior Cost Analyst,12.12.2023 | XYLEM,https://www.ghanajob.com/job-vacancies-ghana/senior-cost-analyst-153660,"1) The tissue in plants that brings water upward from the roots;2) a leading global water technology company.Xylem, a leading global water...",Region of : Ashanti - Brong Ahafo - Central - Eastern - Greater Accra -...,,,12/13/2023 00:00:00
0,153223,Chief Marketing Officer,12.12.2023 | PLAYRIX,https://www.ghanajob.com/job-vacancies-ghana/chief-marketing-officer-153223,"At Playrix, we pride ourselves on creating exceptional games that inspire millions of players around the world. As one of the top four...",Region of : Ashanti - Brong Ahafo - Central - Eastern - Greater Accra -...,,,12/13/2023 00:00:00
0,153225,Director of Engineering,12.12.2023 | PLAYRIX,https://www.ghanajob.com/job-vacancies-ghana/director-engineering-153225,Playrix is one of the world&#39;s most successful game development companies. Our consistent success is a direct result of having a strong...,Region of : Ashanti - Brong Ahafo - Central - Eastern - Greater Accra -...,,,12/13/2023 00:00:00
0,153226,Senior Engineering Manager,12.12.2023 | PLAYRIX,https://www.ghanajob.com/job-vacancies-ghana/senior-engineering-manager-153226,Senior Engineering ManagerPlayrix is one of the world&#39;s most successful game development companies. Our consistent success is a direct...,Region of : Ashanti - Brong Ahafo - Central - Eastern - Greater Accra -...,,,12/13/2023 00:00:00
0,153228,Senior Security Engineer,12.12.2023 | PLAYRIX,https://www.ghanajob.com/job-vacancies-ghana/senior-security-engineer-153228,Playrix is the largest gaming company in Europe and is among the top 3 most successful mobile developers in the world. We created the hit...,Region of : Ashanti - Brong Ahafo - Central - Eastern - Greater Accra -...,,,12/13/2023 00:00:00
0,153583,DevOps Engineer,11.12.2023 | MULTIPLIER,https://www.ghanajob.com/job-vacancies-ghana/devops-engineer-153583,We&rsquo;re at the forefront of one of the most exciting evolutions of our generation - remote staffing. No longer do employers have to...,Region of : Ashanti - Brong Ahafo - Central - Eastern - Greater Accra -...,,,12/13/2023 00:00:00
0,153586,Engineering Manager,11.12.2023 | MULTIPLIER,https://www.ghanajob.com/job-vacancies-ghana/engineering-manager-153586,A BIT ABOUT USWe&rsquo;re at the forefront of one of the most exciting evolutions of our generation - remote staffing. No longer do...,Region of : Ashanti - Brong Ahafo - Central - Eastern - Greater Accra -...,,,12/13/2023 00:00:00
0,153590,Lead Data Engineer,11.12.2023 | MULTIPLIER,https://www.ghanajob.com/job-vacancies-ghana/lead-data-engineer-153590,"Multiplier enables companies to employ anyone, anywhere in a few clicks. Our SaaS platform combines the multi-local complexities of hiring...",Region of : Ashanti - Brong Ahafo - Central - Eastern - Greater Accra -...,,,12/13/2023 00:00:00
0,153591,Lead Software Engineer,11.12.2023 | MULTIPLIER,https://www.ghanajob.com/job-vacancies-ghana/lead-software-engineer-153591,"Multiplier enables companies to employ anyone, anywhere in a few clicks. Our SaaS platform combines the multi-local complexities of hiring...",Region of : Ashanti - Brong Ahafo - Central - Eastern - Greater Accra -...,,,12/13/2023 00:00:00
0,153034,"PEO Solutions Consultant, EMEA",08.12.2023 | DEEL,https://www.ghanajob.com/job-vacancies-ghana/peo-solutions-consultant-emea-153034,"Who we are and what we doDeel is a global team that helps businesses hire anyone, anywhere, easily. Deel consists of more than two thousand...",Region of : Ashanti - Brong Ahafo - Central - Eastern - Greater Accra -...,,,12/13/2023 00:00:00
0,153040,Senior Global Benefits and Leave of Absence Partner,08.12.2023 | DEEL,https://www.ghanajob.com/job-vacancies-ghana/senior-global-benefits-leave-absence-partner-153040,"Who we are and what we doDeel is a global team that helps businesses hire anyone, anywhere, easily. Deel consists of more than two thousand...",Region of : Ashanti - Brong Ahafo - Central - Eastern - Greater Accra -...,,,12/13/2023 00:00:00
0,153048,"Senior HR Business Partner, Operations",08.12.2023 | DEEL,https://www.ghanajob.com/job-vacancies-ghana/senior-hr-business-partner-operations-153048,"Who we are and what we doDeel is a global team that helps businesses hire anyone, anywhere, easily. Deel consists of more than two thousand...",Region of : Ashanti - Brong Ahafo - Central - Eastern - Greater Accra -...,,,12/13/2023 00:00:00
0,153052,"Analyst, Mobility - EMEA",08.12.2023 | DEEL,https://www.ghanajob.com/job-vacancies-ghana/analyst-mobility-emea-153052,"Who we are and what we doDeel is a global team that helps businesses hire anyone, anywhere, easily. Deel consists of more than two thousand...",Region of : Ashanti - Brong Ahafo - Central - Eastern - Greater Accra -...,,,12/13/2023 00:00:00
0,153053,"Associate Director, Go-to-Market Strategic Operations",08.12.2023 | DEEL,https://www.ghanajob.com/job-vacancies-ghana/associate-director-go-to-market-strategic-operations-153053,"Who we are and what we doDeel is a global team that helps businesses hire anyone, anywhere, easily. Deel consists of more than two thousand...",Region of : Ashanti - Brong Ahafo - Central - Eastern - Greater Accra -...,,,12/13/2023 00:00:00
0,152983,Head of Data Analytics,07.12.2023 | PLAYRIX,https://www.ghanajob.com/job-vacancies-ghana/head-data-analytics-152983,Playrix is the largest gaming company in Eastern Europe. We are one of the top 3 most successful mobile game publishers in the world. Our...,Region of : Ashanti - Brong Ahafo - Central - Eastern - Greater Accra -...,,,12/13/2023 00:00:00
0,152985,Machine Learning Engineer,07.12.2023 | PLAYRIX,https://www.ghanajob.com/job-vacancies-ghana/machine-learning-engineer-152985,Playrix is the largest gaming company in Eastern Europe. We are one of the top 3 most successful mobile game publishers in the world. Our...,Region of : Ashanti - Brong Ahafo - Central - Eastern - Greater Accra -...,,,12/13/2023 00:00:00
0,152986,Lead Data Analyst,07.12.2023 | PLAYRIX,https://www.ghanajob.com/job-vacancies-ghana/lead-data-analyst-152986,Playrix is the largest gaming company in Eastern Europe. We are one of the top 3 most successful mobile game publishers in the world. Our...,Region of : Ashanti - Brong Ahafo - Central - Eastern - Greater Accra -...,,,12/13/2023 00:00:00
0,152987,Technical Director (Game Project),07.12.2023 | PLAYRIX,https://www.ghanajob.com/job-vacancies-ghana/technical-director-game-project-152987,We at Playrix are certain that our success is the result of our talented team&#39;s efforts.Every day our programmers develop new features...,Region of : Ashanti - Brong Ahafo - Central - Eastern - Greater Accra -...,,,12/13/2023 00:00:00
0,152988,Senior C++ Developer (Technical),07.12.2023 | PLAYRIX,https://www.ghanajob.com/job-vacancies-ghana/senior-c-developer-technical-152988,We at Playrix are certain that our success is the result of our talented team&#39;s efforts. We value quality in development and strive to...,Region of : Ashanti - Brong Ahafo - Central - Eastern - Greater Accra -...,,,12/13/2023 00:00:00
0,153375,Electrical Engineer,06.12.2023 | THE CAPITAL GROUP LTD,https://www.ghanajob.com/job-vacancies-ghana/electrical-engineer-153375,Job DescriptionPerforms planned maintenance activities (work orders and PM&rsquo;s)Carries out process trouble shooting and performs Root...,Region of : Ashanti - Brong Ahafo - Central - Eastern - Greater Accra -...,,,12/13/2023 00:00:00
0,153372,Direct Sales Executive,06.12.2023 | THE CAPITAL GROUP LTD,https://www.ghanajob.com/job-vacancies-ghana/direct-sales-executive-153372,"Job DescriptionMeeting or exceeding weekly, monthly, and yearly sales quotas.​Canvassing assigned territories to present company products...",Region of : Ashanti - Brong Ahafo - Central - Eastern - Greater Accra -...,,,12/13/2023 00:00:00
0,153374,General Manager,06.12.2023 | THE CAPITAL GROUP LTD,https://www.ghanajob.com/job-vacancies-ghana/general-manager-153374,"Job DescriptionA Steel Manufacturing Company is seeking to recruit dynamic, results oriented, passionate and self-motivated candidates with...",Region of : Ashanti - Brong Ahafo - Central - Eastern - Greater Accra -...,,,12/13/2023 00:00:00
0,153371,Facilities and Administration Supervisor,06.12.2023 | THE CAPITAL GROUP LTD,https://www.ghanajob.com/job-vacancies-ghana/facilities-administration-supervisor-153371,"Job DescriptionThe Facilities and Administrative Supervisor will provide administrative, and facility related assistance to employees. In...",Region of : Ashanti - Brong Ahafo - Central - Eastern - Greater Accra -...,,,12/13/2023 00:00:00
0,153370,Accountant,06.12.2023 | THE CAPITAL GROUP LTD,https://www.ghanajob.com/job-vacancies-ghana/accountant-153370,"Job DescriptionEstablish, maintain, and coordinate the implementation of accounting and accounting control procedures.Compile and analyze...",Region of : Ashanti - Brong Ahafo - Central - Eastern - Greater Accra -...,,,12/13/2023 00:00:00
0,152908,"Blockchain Core Developer/Go, Solidity",06.12.2023 | SPECTRUM SEARCH,https://www.ghanajob.com/job-vacancies-ghana/blockchain-core-developergo-solidity-152908,So what&rsquo;s the role &amp; who is it working for?&nbsp;Spectrum Search are delighted to be recruiting a Blockchain Core Developer for a...,Region of : Ashanti - Brong Ahafo - Central - Eastern - Greater Accra -...,,,12/13/2023 00:00:00
0,152909,Software Engineer (Virtualisation &amp; DevOps),06.12.2023 | SPECTRUM SEARCH,https://www.ghanajob.com/job-vacancies-ghana/software-engineer-virtualisation-devops-152909,"So what&rsquo;s the role &amp; who is it working for?Spectrum Search are currently working with a leading defence organisation, in search...",Region of : Ashanti - Brong Ahafo - Central - Eastern - Greater Accra -...,,,12/13/2023 00:00:00
0,152910,Head of Engineering,06.12.2023 | SPECTRUM SEARCH,https://www.ghanajob.com/job-vacancies-ghana/head-engineering-152910,So what&rsquo;s the role &amp; who is it working for?&nbsp;Spectrum Search is delighted to be recruiting for a leading-edge web3 software...,Region of : Ashanti - Brong Ahafo - Central - Eastern - Greater Accra -...,,,12/13/2023 00:00:00
0,152913,Senior Interactive UI/UX Designer,06.12.2023 | SPECTRUM SEARCH,https://www.ghanajob.com/job-vacancies-ghana/senior-interactive-uiux-designer-152913,Spectrum Search are delighted to be recruiting for a Senior Interactive UI/UX Designer innovative web3 entertainment and IP company.&nbsp;...,Region of : Ashanti - Brong Ahafo - Central - Eastern - Greater Accra -...,,,12/13/2023 00:00:00
0,152914,Senior Product Designer (Web3),06.12.2023 | SPECTRUM SEARCH,https://www.ghanajob.com/job-vacancies-ghana/senior-product-designer-web3-152914,pectrum Search are excited to be recruiting for a Senior Product Designer (Web3) for one of the fasted growing GameTech companies in Europe...,Region of : Ashanti - Brong Ahafo - Central - Eastern - Greater Accra -...,,,12/13/2023 00:00:00
0,152804,Executive Assistant with Specialisation in Communication,05.12.2023 | HAPAG-LLOYD AG,https://www.ghanajob.com/job-vacancies-ghana/executive-assistant-specialisation-communication-152804,"About the job:To provide comprehensive administrative and communications support to the Managing Director of the Area West Africa office,...",Region of : Ashanti - Brong Ahafo - Central - Eastern - Greater Accra -...,,,12/13/2023 00:00:00
0,152805,Senior Manager Human Resources,05.12.2023 | HAPAG-LLOYD AG,https://www.ghanajob.com/job-vacancies-ghana/senior-manager-human-resources-152805,"Role and responsibilitiesTo perform Human Resources related duties including the administration of company policies, programs and practices...",Region of : Ashanti - Brong Ahafo - Central - Eastern - Greater Accra -...,,,12/13/2023 00:00:00
0,152806,Senior Manager Area Controlling &amp; Performance,05.12.2023 | HAPAG-LLOYD AG,https://www.ghanajob.com/job-vacancies-ghana/senior-manager-area-controlling-performance-152806,"About The JobArea West and Central Africa is searching for an Area Controlling &amp; Performance Senior Manager based in Ghana, to be...",Region of : Ashanti - Brong Ahafo - Central - Eastern - Greater Accra -...,,,12/13/2023 00:00:00
0,152807,Director Operations,05.12.2023 | HAPAG-LLOYD AG,https://www.ghanajob.com/job-vacancies-ghana/director-operations-152807,"About the role:Area West and Central Africa is searching for a Director Operations based in Ghana, to oversee all aspects of Operations...",Region of : Ashanti - Brong Ahafo - Central - Eastern - Greater Accra -...,,,12/13/2023 00:00:00
0,152657,Senior Warehouse Supervisor,02.12.2023 | NEWMONT,https://www.ghanajob.com/job-vacancies-ghana/senior-warehouse-supervisor-152657,"Newmont Mining Corporation is a leading global gold producer with key assets in Nevada, Peru, Australia, Ghana and Suriname.Newmont&rsquo;s...",Region of : Ashanti - Brong Ahafo - Central - Eastern - Greater Accra -...,,,12/13/2023 00:00:00
0,152659,Senior Mining Applications Specialist,02.12.2023 | NEWMONT,https://www.ghanajob.com/job-vacancies-ghana/senior-mining-applications-specialist-152659,About The Role:The Senior Mining Applications Specialist provides dedicated support for applications and database systems used at...,Region of : Ashanti - Brong Ahafo - Central - Eastern - Greater Accra -...,,,12/13/2023 00:00:00
0,152660,Senior Control Systems Engineer,02.12.2023 | NEWMONT,https://www.ghanajob.com/job-vacancies-ghana/senior-control-systems-engineer-152660,About This Role:The Senior Control Systems Engineer is a member of the Regional Fixed Plant Control team in Americas and is responsible for...,Region of : Ashanti - Brong Ahafo - Central - Eastern - Greater Accra -...,,,12/13/2023 00:00:00
0,152661,Control Systems Technical Specialist II,02.12.2023 | NEWMONT,https://www.ghanajob.com/job-vacancies-ghana/control-systems-technical-specialist-ii-152661,About This Role:The Control Systems Technical Specialist II is a member of the global Fixed Plant Control (FPC) systems team and is...,Region of : Ashanti - Brong Ahafo - Central - Eastern - Greater Accra -...,,,12/13/2023 00:00:00
0,152601,Senior DBA,01.12.2023 | SPORTY GROUP,https://www.ghanajob.com/job-vacancies-ghana/senior-dba-152601,"GLOBAL REMOTESporty &ndash; SPORTY Technical /Full-Time/ RemoteSporty&#39;s sites are some of the most popular on the internet,...",Region of : Ashanti - Brong Ahafo - Central - Eastern - Greater Accra -...,,,12/13/2023 00:00:00
0,152602,Backend Engineer,01.12.2023 | SPORTY GROUP,https://www.ghanajob.com/job-vacancies-ghana/backend-engineer-152602,"GLOBAL REMOTESporty &ndash; SPORTY Technical /Full-Time/ RemoteSporty&#39;s sites are some of the most popular on the internet,...",Region of : Ashanti - Brong Ahafo - Central - Eastern - Greater Accra -...,,,12/13/2023 00:00:00
0,152603,IOS Engineer,01.12.2023 | SPORTY GROUP,https://www.ghanajob.com/job-vacancies-ghana/ios-engineer-152603,"GLOBAL REMOTESporty &ndash; SPORTY Technical /Full-Time/ RemoteSporty&#39;s sites are some of the most popular on the internet,...",Region of : Ashanti - Brong Ahafo - Central - Eastern - Greater Accra -...,,,12/13/2023 00:00:00
0,152540,Strategy &amp; Administration Specialist - Talent &amp; Culture,30.11.2023 | WIKIMEDIA FOUNDATION,https://www.ghanajob.com/job-vacancies-ghana/strategy-administration-specialist-talent-culture-152540,SummaryThe Strategy and Administration Specialist - Talent &amp; Culture (T&amp;C) will support the T&amp;C leadership team by facilitating...,Region of : Ashanti - Brong Ahafo - Central - Eastern - Greater Accra -...,,,12/13/2023 00:00:00
0,152542,Senior Financial Analyst,30.11.2023 | WIKIMEDIA FOUNDATION,https://www.ghanajob.com/job-vacancies-ghana/senior-financial-analyst-152542,SummaryJoin the Wikimedia Foundation in our ambitious project to empower people to create and share the sum of all human knowledge. We are...,Region of : Ashanti - Brong Ahafo - Central - Eastern - Greater Accra -...,,,12/13/2023 00:00:00
0,152543,"Product Manager, Mobile Apps",30.11.2023 | WIKIMEDIA FOUNDATION,https://www.ghanajob.com/job-vacancies-ghana/product-manager-mobile-apps-152543,SummaryThe Wikimedia Foundation is looking for a collaborative Product Manager for the Mobile Apps team in our Product and Technology...,Region of : Ashanti - Brong Ahafo - Central - Eastern - Greater Accra -...,,,12/13/2023 00:00:00
0,152447,Country Manager Kalabash - Ghana,29.11.2023 | WAKANOW,https://www.ghanajob.com/job-vacancies-ghana/country-manager-kalabash-ghana-152447,"&nbsp;Job DescriptionMarket Strategy: Develop and execute a comprehensive market entry and growth strategy for Kalabash Payment in Ghana,...",Region of : Ashanti - Brong Ahafo - Central - Eastern - Greater Accra -...,,,12/13/2023 00:00:00
0,152448,"Operations Manager, Anglophone",29.11.2023 | WAKANOW,https://www.ghanajob.com/job-vacancies-ghana/operations-manager-anglophone-152448,Job DescriptionJob ObjectiveThe Operations Project Manager in Accra will play a pivotal role in assisting the Contact Centre Manager and...,Region of : Ashanti - Brong Ahafo - Central - Eastern - Greater Accra -...,,,12/13/2023 00:00:00
0,152449,Assistant Finance Manager,29.11.2023 | WAKANOW,https://www.ghanajob.com/job-vacancies-ghana/assistant-finance-manager-152449,"Job DescriptionPrepare reports that outline the company&rsquo;s financial position regarding income, expenses, and earnings based on past,...",Region of : Ashanti - Brong Ahafo - Central - Eastern - Greater Accra -...,,,12/13/2023 00:00:00
0,152450,Customer Service Agent,29.11.2023 | WAKANOW,https://www.ghanajob.com/job-vacancies-ghana/customer-service-agent-152450,Job DescriptionJob Profile&nbsp;The Customer Service Agent is a seasoned professional responsible for delivering top-tier customer service...,Region of : Ashanti - Brong Ahafo - Central - Eastern - Greater Accra -...,,,12/13/2023 00:00:00
0,152451,Visa Associate,29.11.2023 | WAKANOW,https://www.ghanajob.com/job-vacancies-ghana/visa-associate-152451,JOB OBJECTIVEThe visa Associate is mainly responsible for carrying out the daily administrative and functional tasks that relate to...,Region of : Ashanti - Brong Ahafo - Central - Eastern - Greater Accra -...,,,12/13/2023 00:00:00
0,32051,Logistics Manager,25.11.2023 | AFRICAWORK,https://www.ghanajob.com/job-vacancies-ghana/logistics-manager-32051,We are looking for profiles and CVs of&nbsp;Logistics Managers&nbsp;that we will send to our large account customers for their future...,Region of : Ashanti - Brong Ahafo - Central - Eastern - Greater Accra -...,,,12/13/2023 00:00:00
0,32968,Product Designer,25.11.2023 | AFRICAWORK,https://www.ghanajob.com/job-vacancies-ghana/product-designer-32968,We are looking for profiles and CVs of Product Designers that we will send to our large account customers for their future recruitment...,Region of : Ashanti - Brong Ahafo - Central - Eastern - Greater Accra -...,,,12/13/2023 00:00:00
0,33701,Finance &amp; Accounting Specialist,25.11.2023 | AFRICAWORK,https://www.ghanajob.com/job-vacancies-ghana/finance-accounting-specialist-33701,We are looking for profiles and CVs of Finance and Accounting Specialists that we will send to our large account customers for their future...,Region of : Ashanti - Brong Ahafo - Central - Eastern - Greater Accra -...,,,12/13/2023 00:00:00
0,33702,Director of Sales,25.11.2023 | AFRICAWORK,https://www.ghanajob.com/job-vacancies-ghana/director-sales-33702,We are looking for profiles and CVs of Directors of Sales that we will send to our large account customers for their future recruitment...,Region of : Ashanti - Brong Ahafo - Central - Eastern - Greater Accra -...,,,12/13/2023 00:00:00
0,33924,Production Coordinator,25.11.2023 | AFRICAWORK,https://www.ghanajob.com/job-vacancies-ghana/production-coordinator-33924,We are looking for profiles and CVs of Production Coordinators that we will send to our large account customers for their future...,Region of : Ashanti - Brong Ahafo - Central - Eastern - Greater Accra -...,,,12/13/2023 00:00:00
0,33969,Quality Assurance Manager,25.11.2023 | AFRICAWORK,https://www.ghanajob.com/job-vacancies-ghana/quality-assurance-manager-33969,We are looking for profiles and CVs of Quality Assurance Managers that we will send to our large account customers for their future...,Region of : Ashanti - Brong Ahafo - Central - Eastern - Greater Accra -...,,,12/13/2023 00:00:00
0,34033,Purchase Executive,25.11.2023 | AFRICAWORK,https://www.ghanajob.com/job-vacancies-ghana/purchase-executive-34033,We are looking for profiles and CVs of Purchase Executives that we will send to our large account customers for their future recruitment...,Region of : Ashanti - Brong Ahafo - Central - Eastern - Greater Accra -...,,,12/13/2023 00:00:00
0,34078,Production Coordinator,25.11.2023 | AFRICAWORK,https://www.ghanajob.com/job-vacancies-ghana/production-coordinator-34078,We are looking for profiles and CVs of Production Coordinators that we will send to our large account customers for their future...,Region of : Ashanti - Brong Ahafo - Central - Eastern - Greater Accra -...,,,12/13/2023 00:00:00
0,34437,Data Analyst,25.11.2023 | AFRICAWORK,https://www.ghanajob.com/job-vacancies-ghana/data-analyst-34437,We are looking for profiles and CVs of Data Analysts that we will send to our large account customers for their future recruitment needs....,Region of : Ashanti - Brong Ahafo - Central - Eastern - Greater Accra -...,,,12/13/2023 00:00:00
0,42944,IT Manager,25.11.2023 | AFRICAWORK,https://www.ghanajob.com/job-vacancies-ghana/it-manager-42944,We are&nbsp;looking&nbsp;for profiles and CVs of&nbsp;IT Managers&nbsp;that we will send to our large account&nbsp;customers for their...,Region of : Ashanti - Brong Ahafo - Central - Eastern - Greater Accra -...,,,12/13/2023 00:00:00
0,49311,Data Scientist,25.11.2023 | AFRICAWORK,https://www.ghanajob.com/job-vacancies-ghana/data-scientist-49311,We are looking for profiles and CVs of&nbsp;Data Scientists&nbsp;that we will send to our large account customers for their future...,Region of : Ashanti - Brong Ahafo - Central - Eastern - Greater Accra - Upper...,,,12/13/2023 00:00:00
0,152136,HCM Senior Consultant,24.11.2023 | SAVANT RECRUITMENT EXPERTS,https://www.ghanajob.com/job-vacancies-ghana/hcm-senior-consultant-152136,Sector:&nbsp;Transformation &amp; ChangeLocation:&nbsp;InternationalType:&nbsp;PermanentRef:&nbsp;BBBH67859_1698828356Salary:&nbsp;...,Region of : Ashanti - Brong Ahafo - Central - Eastern - Greater Accra -...,,,12/13/2023 00:00:00
0,152141,Vlocity/Salesforce Developer,24.11.2023 | SAVANT RECRUITMENT EXPERTS,https://www.ghanajob.com/job-vacancies-ghana/vlocitysalesforce-developer-152141,Sector:&nbsp;Transformation &amp; ChangeLocation:&nbsp;InternationalType:&nbsp;ContractRef:&nbsp;BBBH66483_1698658977Salary:&nbsp;...,Region of : Ashanti - Brong Ahafo - Central - Eastern - Greater Accra -...,,,12/13/2023 00:00:00
0,152146,Bss/Oss Enterprise Architect,24.11.2023 | SAVANT RECRUITMENT EXPERTS,https://www.ghanajob.com/job-vacancies-ghana/bssoss-enterprise-architect-152146,My client is a leading consultancy who is seeking a talented Enterprise Architect to join their team and contribute to a complex digital...,Region of : Ashanti - Brong Ahafo - Central - Eastern - Greater Accra -...,,,12/13/2023 00:00:00
0,152147,UX/UI Designer,24.11.2023 | SAVANT RECRUITMENT EXPERTS,https://www.ghanajob.com/job-vacancies-ghana/uxui-designer-152147,Sector:&nbsp;Development / TestingLocation:&nbsp;InternationalType:&nbsp;PermanentRef:&nbsp;BBBH69872_1698330009Salary:&nbsp;&pound;300 -...,Region of : Ashanti - Brong Ahafo - Central - Eastern - Greater Accra -...,,,12/13/2023 00:00:00
0,152010,Software Test Engineers,22.11.2023 | HYQOO,https://www.ghanajob.com/job-vacancies-ghana/software-test-engineers-152010,Job DescriptionTitle: Software Test EngineersLocation/Remote: RemoteResponsibilities:&nbsp;Work in an Agile Software Delivery methodology...,Region of : Ashanti - Brong Ahafo - Central - Eastern - Greater Accra -...,,,12/13/2023 00:00:00
0,152011,Cloud Engineer Azure,22.11.2023 | HYQOO,https://www.ghanajob.com/job-vacancies-ghana/cloud-engineer-azure-152011,Job DescriptionCategory: Software EngineeringJob Title: Cloud Engineer AzureLocation: Remote&nbsp;Job DutiesWe are looking for someone who...,Region of : Ashanti - Brong Ahafo - Central - Eastern - Greater Accra -...,,,12/13/2023 00:00:00
0,152012,Python Developer,22.11.2023 | HYQOO,https://www.ghanajob.com/job-vacancies-ghana/python-developer-152012,Job DescriptionWe are seeking a Python Developer to work on exciting client-facing projects.&nbsp;You will be responsible for:&nbsp;Work...,Region of : Ashanti - Brong Ahafo - Central - Eastern - Greater Accra -...,,,12/13/2023 00:00:00
0,152015,AWS Cloud Development Engineer,22.11.2023 | HYQOO,https://www.ghanajob.com/job-vacancies-ghana/aws-cloud-development-engineer-152015,Job DescriptionWe are seeking an AWS Cloud Development Engineer to work on exciting client-facing projects.Responsibilities:Manage policies...,Region of : Ashanti - Brong Ahafo - Central - Eastern - Greater Accra -...,,,12/13/2023 00:00:00
0,151909,Service Engineer,21.11.2023 | MAN ENERGY SOLUTIONS,https://www.ghanajob.com/job-vacancies-ghana/service-engineer-151909,What you should know about usMAN Energy Solutions enables it customers to achieve sustainable value creation in the transition towards a...,Region of : Ashanti - Brong Ahafo - Central - Eastern - Greater Accra -...,,,12/13/2023 00:00:00
0,151910,Technician,21.11.2023 | MAN ENERGY SOLUTIONS,https://www.ghanajob.com/job-vacancies-ghana/technician-151910,About usMAN Energy Solutions enables its customers to achieve sustainable value creation in the transition towards a carbon neutral future...,Region of : Ashanti - Brong Ahafo - Central - Eastern - Greater Accra -...,,,12/13/2023 00:00:00
0,151914,Superintendent Engineer,21.11.2023 | MAN ENERGY SOLUTIONS,https://www.ghanajob.com/job-vacancies-ghana/superintendent-engineer-151914,About usMAN Energy Solutions enables its customers to achieve sustainable value creation in the transition towards a carbon neutral future...,Region of : Ashanti - Brong Ahafo - Central - Eastern - Greater Accra -...,,,12/13/2023 00:00:00
0,151916,Senior Service Engineer,21.11.2023 | MAN ENERGY SOLUTIONS,https://www.ghanajob.com/job-vacancies-ghana/senior-service-engineer-151916,MAN Energy Solutions enables its customers to achieve sustainable value creation in the transition towards a carbon neutral future....,Region of : Ashanti - Brong Ahafo - Central - Eastern - Greater Accra -...,,,12/13/2023 00:00:00
0,151787,Director of Product,18.11.2023 | REMOTE,https://www.ghanajob.com/job-vacancies-ghana/director-product-151787,The positionThis is an exciting time to join Remote and make a personal difference in the global employment space as a Director of Product...,Region of : Ashanti - Brong Ahafo - Central - Eastern - Greater Accra -...,,,12/13/2023 00:00:00
0,151788,"Sales Lead, Global Payroll",18.11.2023 | REMOTE,https://www.ghanajob.com/job-vacancies-ghana/sales-lead-global-payroll-151788,About RemoteRemote is solving global remote organizations&rsquo; biggest challenge: employing anyone anywhere compliantly. We make it...,Region of : Ashanti - Brong Ahafo - Central - Eastern - Greater Accra -...,,,12/13/2023 00:00:00
0,151791,Direct Tax Assistant,18.11.2023 | REMOTE,https://www.ghanajob.com/job-vacancies-ghana/direct-tax-assistant-151791,All of our positions are fully remote. You do not have to relocate to join us!What this job can offer youComplete scope over Direct Tax...,Region of : Ashanti - Brong Ahafo - Central - Eastern - Greater Accra -...,,,12/13/2023 00:00:00
0,151792,Sr Product Marketing Manager (T&amp;J),18.11.2023 | REMOTE,https://www.ghanajob.com/job-vacancies-ghana/sr-product-marketing-manager-tj-151792,All of our positions are fully remote. You do not have to relocate to join us!What this job can offer youDevelop and execute go-to-market...,Region of : Ashanti - Brong Ahafo - Central - Eastern - Greater Accra -...,,,12/13/2023 00:00:00
0,32736,Research Scientist,17.11.2023 | AFRICAWORK,https://www.ghanajob.com/job-vacancies-ghana/research-scientist-32736,We are looking for profiles and CVs of&nbsp;Research Scientists&nbsp;that we will send to our large account customers for their future...,Region of : Ashanti - Brong Ahafo - Central - Eastern - Greater Accra -...,,,12/13/2023 00:00:00
0,151729,Senior Backend Engineer,17.11.2023 | PRIORITY CRYPTO,https://www.ghanajob.com/job-vacancies-ghana/senior-backend-engineer-151729,Senior Backend EngineerOur client is a leading and quickly growing blockchain/Web3/crypto/DeFi protocol that has delivered a next-...,Region of : Ashanti - Brong Ahafo - Central - Eastern - Greater Accra -...,,,12/13/2023 00:00:00
0,151741,Chief Technology Officer,17.11.2023 | PRIORITY CRYPTO,https://www.ghanajob.com/job-vacancies-ghana/chief-technology-officer-151741,Chief Technology Officer&zwj;Our client is seeking a visionary hands-on CTO to spearhead an innovative project aimed at resolving...,Region of : Ashanti - Brong Ahafo - Central - Eastern - Greater Accra -...,,,12/13/2023 00:00:00
0,151742,Head of Blockchain,17.11.2023 | PRIORITY CRYPTO,https://www.ghanajob.com/job-vacancies-ghana/head-blockchain-151742,Head of BlockchainOur client is looking for a Head of Blockchain who&rsquo;ll lead all our Blockchain infrastructure strategy and...,Region of : Ashanti - Brong Ahafo - Central - Eastern - Greater Accra -...,,,12/13/2023 00:00:00
0,151745,Product Lead,17.11.2023 | PRIORITY CRYPTO,https://www.ghanajob.com/job-vacancies-ghana/product-lead-151745,Product LeadWe&#39;re looking for a Product Lead who has knowledge of the DeFi space and a passion for taking early-stage products to scale...,Region of : Ashanti - Brong Ahafo - Central - Eastern - Greater Accra -...,,,12/13/2023 00:00:00
0,151681,Security Automation Engineer,16.11.2023 | ICEBERG CYBER SECURITY,https://www.ghanajob.com/job-vacancies-ghana/security-automation-engineer-151681,"A world-leading, tech-driven trading company is looking to build their global security team with the addition of a Security Automation...",Region of : Ashanti - Brong Ahafo - Central - Eastern - Greater Accra -...,,,12/13/2023 00:00:00
0,151682,Security Software Developer,16.11.2023 | ICEBERG CYBER SECURITY,https://www.ghanajob.com/job-vacancies-ghana/security-software-developer-151682,My client is who is one of the top trading firms in the world are looking to hire a Security Software Developer to join their elite cyber...,Region of : Ashanti - Brong Ahafo - Central - Eastern - Greater Accra -...,,,12/13/2023 00:00:00
0,151683,Senior Digital Forensics Consultant,16.11.2023 | ICEBERG CYBER SECURITY,https://www.ghanajob.com/job-vacancies-ghana/senior-digital-forensics-consultant-151683,"My client is a global, boutique cyber security consultancy based out of London and are very well known in the intelligence/forensics space...",Region of : Ashanti - Brong Ahafo - Central - Eastern - Greater Accra -...,,,12/13/2023 00:00:00
0,151684,Business Development Manager,16.11.2023 | ICEBERG CYBER SECURITY,https://www.ghanajob.com/job-vacancies-ghana/business-development-manager-151684,My client is one of the leading cyber security service providers in the UK looking to hire a cyber security Business Development Manager to...,Region of : Ashanti - Brong Ahafo - Central - Eastern - Greater Accra -...,,,12/13/2023 00:00:00
0,151309,Area Manager,11.11.2023 | RELIEF INTERNATIONAL,https://www.ghanajob.com/job-vacancies-ghana/area-manager-151309,Position SummaryThe Area Manager (AM) role is a Senior Managgement Team position directly reporting to the Cuntry Director. The AM oversees...,Region of : Ashanti - Brong Ahafo - Central - Eastern - Greater Accra -...,,,12/13/2023 00:00:00
0,151310,Country Director,11.11.2023 | RELIEF INTERNATIONAL,https://www.ghanajob.com/job-vacancies-ghana/country-director-151310,Position Summary:&nbsp;&nbsp;&nbsp;The Country Director will ensure strong leadership of all members of the RI Country Team that builds...,Region of : Ashanti - Brong Ahafo - Central - Eastern - Greater Accra -...,,,12/13/2023 00:00:00
0,151314,Deputy Country Director,11.11.2023 | RELIEF INTERNATIONAL,https://www.ghanajob.com/job-vacancies-ghana/deputy-country-director-151314,"POSITION SUMMARYThe DCD-Programs will be responsible for developing, planning and leading RI&rsquo;s programs implemented in Lebanon, and...",Region of : Ashanti - Brong Ahafo - Central - Eastern - Greater Accra -...,,,12/13/2023 00:00:00
0,151315,Global Procurement Manager,11.11.2023 | RELIEF INTERNATIONAL,https://www.ghanajob.com/job-vacancies-ghana/global-procurement-manager-151315,We are currently recruiting a&nbsp;Global Procurement Manager&nbsp;to join our&nbsp;Supply Chain &amp; Operations&nbsp;team.This is a&nbsp;...,Region of : Ashanti - Brong Ahafo - Central - Eastern - Greater Accra -...,,,12/13/2023 00:00:00
0,151316,Health Program Manager,11.11.2023 | RELIEF INTERNATIONAL,https://www.ghanajob.com/job-vacancies-ghana/health-program-manager-151316,"Job Title:&nbsp;&nbsp;Health&nbsp;Program ManagerLocation:&nbsp;&nbsp;Sittwe, with at least 25% travel to field sites (subject to field...",Region of : Ashanti - Brong Ahafo - Central - Eastern - Greater Accra -...,,,12/13/2023 00:00:00
0,151263,Channel Partner Manager,10.11.2023 | HENDERSON SCOTT,https://www.ghanajob.com/job-vacancies-ghana/channel-partner-manager-151263,Location: Hybrid/Remote - LondonSeeking a driven and motivated Channel Sales specialist with key responsibility to drive growth and revenue...,Region of : Ashanti - Brong Ahafo - Central - Eastern - Greater Accra -...,,,12/13/2023 00:00:00
0,151265,Senior Full Stack  Engineer  - PYTHON/TYPESCRIPT,10.11.2023 | HENDERSON SCOTT,https://www.ghanajob.com/job-vacancies-ghana/senior-full-stack-engineer-pythontypescript-151265,"We are seeking a senior full stack developer with a passion to build and create innovative, durable, and elegant solutions. You will be...",Region of : Ashanti - Brong Ahafo - Central - Eastern - Greater Accra -...,,,12/13/2023 00:00:00
0,151266,"Business Development Manager - Up To £150,000 OTE  Remote",10.11.2023 | HENDERSON SCOTT,https://www.ghanajob.com/job-vacancies-ghana/business-development-manager-up-to-ps150000-ote-remote-151266,"Business Development Manager - up to &pound;150,000 OTE (uncapped) remote roleSeeking a tenacious, motivated and committed individual to...",Region of : Ashanti - Brong Ahafo - Central - Eastern - Greater Accra -...,,,12/13/2023 00:00:00
0,151033,.Net Team Lead,08.11.2023 | CLEARSCALE,https://www.ghanajob.com/job-vacancies-ghana/net-team-lead-151033,ClearScale&#39;s Application Development team is growing rapidly and looking for an experienced&nbsp;.NET Team Lead.You will lead a...,Region of : Ashanti - Brong Ahafo - Central - Eastern - Greater Accra -...,,,12/13/2023 00:00:00
0,151035,L2 Support Engineer,08.11.2023 | CLEARSCALE,https://www.ghanajob.com/job-vacancies-ghana/l2-support-engineer-151035,"ClearScale&nbsp;(headquartered in San Francisco, California, USA) - AWS Premier Consulting Partner has been offering a full range of...",Region of : Ashanti - Brong Ahafo - Central - Eastern - Greater Accra -...,,,12/13/2023 00:00:00
0,151036,Lead Java Developer,08.11.2023 | CLEARSCALE,https://www.ghanajob.com/job-vacancies-ghana/lead-java-developer-151036,"ClearScale&nbsp;(headquartered in San Francisco, California, USA) - AWS Premier Consulting Partner has been offering a full range of...",Region of : Ashanti - Brong Ahafo - Central - Eastern - Greater Accra -...,,,12/13/2023 00:00:00
0,151040,MSP L1 Support Engineer,08.11.2023 | CLEARSCALE,https://www.ghanajob.com/job-vacancies-ghana/msp-l1-support-engineer-151040,"ClearScale&nbsp;(headquartered in San Francisco, California, USA) - AWS Premier Consulting Partner has been offering a full range of...",Region of : Ashanti - Brong Ahafo - Central - Eastern - Greater Accra -...,,,12/13/2023 00:00:00
0,150972,Events Coordinator,07.11.2023 | ACCOR,https://www.ghanajob.com/job-vacancies-ghana/events-coordinator-150972,"Job DescriptionOrganize and implement administrative systems &amp; procedures, and perform necessary support dutiesPlan and coordinate...",Region of : Ashanti - Brong Ahafo - Central - Eastern - Greater Accra -...,,,12/13/2023 00:00:00
0,150973,Assistant Sales &amp; Marketing Manager,07.11.2023 | ACCOR,https://www.ghanajob.com/job-vacancies-ghana/assistant-sales-marketing-manager-150973,"Job DescriptionCollaborate with Sales Manager in the planning and development of sales strategies, as well as in setting sales goals and...",Region of : Ashanti - Brong Ahafo - Central - Eastern - Greater Accra -...,,,12/13/2023 00:00:00
0,150974,Security Officer,07.11.2023 | ACCOR,https://www.ghanajob.com/job-vacancies-ghana/security-officer-150974,"Job DescriptionWhat you will be doing:Provide vigilance in the area deployed for safety and security of guests, employees and property....",Region of : Ashanti - Brong Ahafo - Central - Eastern - Greater Accra -...,,,12/13/2023 00:00:00
0,150979,Directeur Commercial Et Marketing,07.11.2023 | ACCOR,https://www.ghanajob.com/job-vacancies-ghana/directeur-commercial-et-marketing-150979,"Job DescriptionPosition Scope:As a Area Revenue Manager, you are responsible to achieve the optimal mix of rooms and conference sales...",Region of : Ashanti - Brong Ahafo - Central - Eastern - Greater Accra -...,,,12/13/2023 00:00:00
0,150804,Software Sales Consultant – IT Software Services,04.11.2023 | REXUS GROUP,https://www.ghanajob.com/job-vacancies-ghana/software-sales-consultant-it-software-services-150804,Job Role:&nbsp;Software Sales Consultant &ndash; IT Software ServicesVertical&nbsp;&ndash; International Software Services SalesLocation...,Region of : Ashanti - Brong Ahafo - Central - Eastern - Greater Accra -...,,,12/13/2023 00:00:00
0,150805,Global Account Manager (IT Infrastructure &amp; IT Services),04.11.2023 | REXUS GROUP,https://www.ghanajob.com/job-vacancies-ghana/global-account-manager-it-infrastructure-it-services-150805,"Job Role&nbsp;&ndash; Global Account Manager (IT Infrastructure &amp; IT Services)Job Location&nbsp;&ndash; Global, Remote. IT Sales.Job...",Region of : Ashanti - Brong Ahafo - Central - Eastern - Greater Accra -...,,,12/13/2023 00:00:00
0,150806,HR &amp; Digital Marketing,04.11.2023 | REXUS GROUP,https://www.ghanajob.com/job-vacancies-ghana/hr-digital-marketing-150806,"Company &ndash;&nbsp;Rexus Group.Location &ndash;&nbsp;Global, Remote.Job Description:We are searching for a highly &ndash; creative...",Region of : Ashanti - Brong Ahafo - Central - Eastern - Greater Accra -...,,,12/13/2023 00:00:00
0,150807,Business Consultant (Business &amp; Strategy),04.11.2023 | REXUS GROUP,https://www.ghanajob.com/job-vacancies-ghana/business-consultant-business-strategy-150807,"Work Location&nbsp;&ndash; Global, Remote.Experience&nbsp;&ndash; 0 years to 5 years plus.Travel:&nbsp;Up to 50% or more. Both Domestic...",Region of : Ashanti - Brong Ahafo - Central - Eastern - Greater Accra -...,,,12/13/2023 00:00:00
0,150813,Sales Director (EMEA),04.11.2023 | PLEXUS RESOURCE SOLUTIONS,https://www.ghanajob.com/job-vacancies-ghana/sales-director-emea-150813,Plexus are working with an exciting brand in the Web3 SaaS space- leveraging pre-built APIs to businesses looking to on-ramp their services...,Region of : Ashanti - Brong Ahafo - Central - Eastern - Greater Accra -...,,,12/13/2023 00:00:00
0,150816,Senior Backend Engineer,04.11.2023 | PLEXUS RESOURCE SOLUTIONS,https://www.ghanajob.com/job-vacancies-ghana/senior-backend-engineer-150816,Plexus are partnered with a leader in the liquid staking space on Ethereum who are looking to expand their team further and hire a Senior...,Region of : Ashanti - Brong Ahafo - Central - Eastern - Greater Accra -...,,,12/13/2023 00:00:00
0,150817,Senior Frontend Engineer,04.11.2023 | PLEXUS RESOURCE SOLUTIONS,https://www.ghanajob.com/job-vacancies-ghana/senior-frontend-engineer-150817,Senior Frontend Engineer | Permanent | Fully Remote | $150K &ndash; $200K USDPlexus is working with a leading DeFi protocol for blockspace...,Region of : Ashanti - Brong Ahafo - Central - Eastern - Greater Accra -...,,,12/13/2023 00:00:00
0,150818,Smart Contract Engineer,04.11.2023 | PLEXUS RESOURCE SOLUTIONS,https://www.ghanajob.com/job-vacancies-ghana/smart-contract-engineer-150818,"Smart Contract Engineer Role @ Lending ProtocolPlexus are working with an industry-leading lending protocol, pool and optimiser based on...",Region of : Ashanti - Brong Ahafo - Central - Eastern - Greater Accra -...,,,12/13/2023 00:00:00
0,150745,Software Engineers - Elastic Community Invite,03.11.2023 | DISTRIBUTED,https://www.ghanajob.com/job-vacancies-ghana/software-engineers-elastic-community-invite-150745,Who are we?We&rsquo;ve created the world&rsquo;s best freelance developer community with the aim of providing freelancers with the same...,Region of : Ashanti - Brong Ahafo - Central - Eastern - Greater Accra -...,,,12/13/2023 00:00:00
0,150746,DevOps Engineer,03.11.2023 | DISTRIBUTED,https://www.ghanajob.com/job-vacancies-ghana/devops-engineer-150746,Who are we?We&rsquo;ve created the world&rsquo;s best freelance developer community with the aim of providing freelancers with the same...,Region of : Ashanti - Brong Ahafo - Central - Eastern - Greater Accra -...,,,12/13/2023 00:00:00
0,150747,.NET Engineers,03.11.2023 | DISTRIBUTED,https://www.ghanajob.com/job-vacancies-ghana/net-engineers-150747,Who are we?We&rsquo;ve created the world&rsquo;s best freelance developer community with the aim of providing freelancers with the same...,Region of : Ashanti - Brong Ahafo - Central - Eastern - Greater Accra -...,,,12/13/2023 00:00:00
0,150748,Scala Developers,03.11.2023 | DISTRIBUTED,https://www.ghanajob.com/job-vacancies-ghana/scala-developers-150748,Invite to join Elastic Team Community - Fully RemoteDistributed has created the world&#39;s best freelance developer community. Our mission...,Region of : Ashanti - Brong Ahafo - Central - Eastern - Greater Accra -...,,,12/13/2023 00:00:00
0,150659,SAP ABAP Consultant (M/F) - Remote Work/on Site,02.11.2023 | AFRICASHORE,https://www.ghanajob.com/job-vacancies-ghana/sap-abap-consultant-mf-remote-workon-site-150659,"We are looking for a SAP ABAP Consultant (M/F) for our client, a multinational IT services company.
	&nbsp;
	Mission:
	&nbsp;
	
	Liaise...",Region of : Ashanti - Brong Ahafo - Central - Eastern - Greater Accra -...,,,12/13/2023 00:00:00
0,150660,SAP FI-CO/PS Consultant (M/F) - Remote Work/on Site,02.11.2023 | AFRICASHORE,https://www.ghanajob.com/job-vacancies-ghana/sap-fi-cops-consultant-mf-remote-workon-site-150660,"We are looking for a SAP FI-CO/PS Consultant (M/F) for our client, a multinational IT services company.
	&nbsp;
	Mission:
	&nbsp;
	
	Design...",Region of : Ashanti - Brong Ahafo - Central - Eastern - Greater Accra -...,,,12/13/2023 00:00:00
0,150661,SAP EHS Consultant (M/F) - Remote Work/on Site,02.11.2023 | AFRICASHORE,https://www.ghanajob.com/job-vacancies-ghana/sap-ehs-consultant-mf-remote-workon-site-150661,"We are looking for a SAP EHS Consultant (M/F) for our client, a multinational IT services company.
	&nbsp;
	Mission:
	&nbsp;
	
	Define...",Region of : Ashanti - Brong Ahafo - Central - Eastern - Greater Accra -...,,,12/13/2023 00:00:00
0,150663,SAP MM/SD/EWM/PP/QM/CAR Consultant (M/F) - Remote Work/on Site,02.11.2023 | AFRICASHORE,https://www.ghanajob.com/job-vacancies-ghana/sap-mmsdewmppqmcar-consultant-mf-remote-workon-site-150663,"We are looking for a SAP MM/SD/EWM/PP/QM/CAR Consultant (M/F) for our client, a multinational IT services company.
	&nbsp;
	Mission:...",Region of : Ashanti - Brong Ahafo - Central - Eastern - Greater Accra -...,,,12/13/2023 00:00:00
0,150664,Lead Java JEE Developer (M/F) - Remote Work/on Site,02.11.2023 | AFRICASHORE,https://www.ghanajob.com/job-vacancies-ghana/lead-java-jee-developer-mf-remote-workon-site-150664,"We are looking for a Lead Java JEE Developer (M/F) for our client, a multinational IT services company.
	&nbsp;
	Position &amp; Mission...",Region of : Ashanti - Brong Ahafo - Central - Eastern - Greater Accra -...,,,12/13/2023 00:00:00
0,150563,Product Design Manager,01.11.2023 | REMOTE,https://www.ghanajob.com/job-vacancies-ghana/product-design-manager-150563,All of our positions are fully remote. You do not have to relocate to join us!What this job can offer youManage a quickly growing and...,Region of : Ashanti - Brong Ahafo - Central - Eastern - Greater Accra -...,,,12/13/2023 00:00:00
0,150565,QA Engineer,01.11.2023 | REMOTE,https://www.ghanajob.com/job-vacancies-ghana/qa-engineer-150565,All of our positions are fully remote. You do not have to relocate to join us!The PositionYou&#39;ll be joining 180+ engineers across...,Region of : Ashanti - Brong Ahafo - Central - Eastern - Greater Accra -...,,,12/13/2023 00:00:00
0,150568,"Associate Team Lead, Engineering",01.11.2023 | REMOTE,https://www.ghanajob.com/job-vacancies-ghana/associate-team-lead-engineering-150568,All of our positions are fully remote. You do not have to relocate to join us!The PositionYou&#39;ll be joining 150+ engineers across...,Region of : Ashanti - Brong Ahafo - Central - Eastern - Greater Accra -...,,,12/13/2023 00:00:00
0,150571,Engineering Manager,01.11.2023 | REMOTE,https://www.ghanajob.com/job-vacancies-ghana/engineering-manager-150571,"All of our positions are fully remote. You do not have to relocate to join us!The Position&nbsp;As Engineering Manager at Remote, you will...",Region of : Ashanti - Brong Ahafo - Central - Eastern - Greater Accra -...,,,12/13/2023 00:00:00
0,150442,Electrical Technician,31.10.2023 | GB FOODS,https://www.ghanajob.com/job-vacancies-ghana/electrical-technician-150442,"At GBfoods we offer culinary solutions in several countries of Europe and Africa with prestigious leading local brands, including Jumbo,...",Region of : Ashanti - Brong Ahafo - Central - Eastern - Greater Accra -...,,,12/13/2023 00:00:00
0,150444,"Category Manager, Africa",31.10.2023 | GB FOODS,https://www.ghanajob.com/job-vacancies-ghana/category-manager-africa-150444,"Job description&quot;Enjoying together around good food&quot;&nbsp;defines the essence of GBfoods, the group that brings together the multi...",Region of : Ashanti - Brong Ahafo - Central - Eastern - Greater Accra -...,,,12/13/2023 00:00:00
0,150445,Development Project Manager (Food Industry),31.10.2023 | GB FOODS,https://www.ghanajob.com/job-vacancies-ghana/development-project-manager-food-industry-150445,"At GBfoods we offer culinary solutions in several countries of Europe and Africa with&nbsp;prestigious leading local brands, including...",Region of : Ashanti - Brong Ahafo - Central - Eastern - Greater Accra -...,,,12/13/2023 00:00:00
0,150231,Regional General Manager,28.10.2023 | ROBERT WALTERS,https://www.ghanajob.com/job-vacancies-ghana/regional-general-manager-150231,egional General Manager - Wellness and Lifestyle Company This position is based in Ivory Coast. We are seeking a dynamic and experienced...,Region of : Ashanti - Brong Ahafo - Central - Eastern - Greater Accra -...,,,12/13/2023 00:00:00
0,150232,Engineering Manager,28.10.2023 | ROBERT WALTERS,https://www.ghanajob.com/job-vacancies-ghana/engineering-manager-150232,Amazing New Opportunity in Ghana A multinational Energy organisation is looking for an Engineering Manager to join their team in Ghana.An...,Region of : Ashanti - Brong Ahafo - Central - Eastern - Greater Accra -...,,,12/13/2023 00:00:00
0,150234,"Group Head, Internal Auditor",28.10.2023 | ROBERT WALTERS,https://www.ghanajob.com/job-vacancies-ghana/group-head-internal-auditor-150234,"New and exciting opportunity as Head of Internal Audit for a well established Venture Capital company with a portfolio in Fintech,...",Region of : Ashanti - Brong Ahafo - Central - Eastern - Greater Accra -...,,,12/13/2023 00:00:00
0,33178,Director of Sales,27.10.2023 | AFRICAWORK,https://www.ghanajob.com/job-vacancies-ghana/director-sales-33178,We are looking for profiles and CVs of Directors of Sales that we will send to our large account customers for their future recruitment...,Region of : Ashanti - Brong Ahafo - Central - Eastern - Greater Accra -...,,,12/13/2023 00:00:00
0,33179,Business Development Manager,27.10.2023 | AFRICAWORK,https://www.ghanajob.com/job-vacancies-ghana/business-development-manager-33179,We are looking for profiles and CVs of Business Development Managers that we will send to our large account customers for their future...,Region of : Ashanti - Brong Ahafo - Central - Eastern - Greater Accra -...,,,12/13/2023 00:00:00
0,33727,HR Associate,27.10.2023 | AFRICAWORK,https://www.ghanajob.com/job-vacancies-ghana/hr-associate-33727,We are looking for profiles and CVs of HR Associates that we will send to our large account customers for their future recruitment needs....,Region of : Ashanti - Brong Ahafo - Central - Eastern - Greater Accra -...,,,12/13/2023 00:00:00
0,33734,Head of Marketing,27.10.2023 | AFRICAWORK,https://www.ghanajob.com/job-vacancies-ghana/head-marketing-33734,We are looking for profiles and CVs of Heads of Marketing that we will send to our large account customers for their future recruitment...,Region of : Ashanti - Brong Ahafo - Central - Eastern - Greater Accra -...,,,12/13/2023 00:00:00
0,34263,HR Director,27.10.2023 | AFRICAWORK,https://www.ghanajob.com/job-vacancies-ghana/hr-director-34263,We are looking for profiles and CVs of HR Directors that we will send to our large account customers for their future recruitment needs....,Region of : Ashanti - Brong Ahafo - Central - Eastern - Greater Accra -...,,,12/13/2023 00:00:00
0,41682,Client Relationship Advisor,27.10.2023 | AFRICAWORK,https://www.ghanajob.com/job-vacancies-ghana/client-relationship-advisor-41682,We are in need&nbsp;for profiles and CVs of&nbsp;Client Relationship Advisors&nbsp;that will be sent to our large account customers for...,Region of : Ashanti - Brong Ahafo - Central - Eastern - Greater Accra -...,,,12/13/2023 00:00:00
0,46057,Purchasing Analyst,27.10.2023 | AFRICAWORK,https://www.ghanajob.com/job-vacancies-ghana/purchasing-analyst-46057,We are looking for profiles and CVs of&nbsp;Purchasing Analysts&nbsp;that we will send to our large account customers for their future...,Region of : Ashanti - Brong Ahafo - Central - Eastern - Greater Accra -...,,,12/13/2023 00:00:00
0,49210,Web Designer,27.10.2023 | AFRICAWORK,https://www.ghanajob.com/job-vacancies-ghana/web-designer-49210,We are looking for profiles and CVs of&nbsp;Web Designers&nbsp;that we will send to our large account customers for their future...,Region of : Ashanti - Brong Ahafo - Central - Eastern - Greater Accra -...,,,12/13/2023 00:00:00
0,50863,Credit Manager,27.10.2023 | AFRICAWORK,https://www.ghanajob.com/job-vacancies-ghana/credit-manager-50863,We are looking for profiles and CVs of&nbsp;Credit Managers&nbsp;that we will send to our large account customers for their future...,Region of : Ashanti - Brong Ahafo - Central - Eastern - Greater Accra -...,,,12/13/2023 00:00:00
0,109015,Director of Production &amp; Supply Chain,27.10.2023 | AFRICAWORK,https://www.ghanajob.com/job-vacancies-ghana/director-production-supply-chain-109015,"&nbsp;We are looking for a Director of Production &amp; Supply Chain for our client, a large and fast-growing manufacturer of consumer...",Region of : Ashanti - Brong Ahafo - Central - Eastern - Greater Accra -...,,,12/13/2023 00:00:00
0,150048,Project Officer Sr - IWARC (Ghanaian Nationals Only),26.10.2023 | CATHOLIC RELIEF SERVICES,https://www.ghanajob.com/job-vacancies-ghana/project-officer-sr-iwarc-ghanaian-nationals-only-150048,"Job SummaryAs a Senior Project Officer for the IWARC project team, you will facilitate the achievement of project objectives through...",Region of : Ashanti - Brong Ahafo - Central - Eastern - Greater Accra -...,,,12/13/2023 00:00:00
0,150049,"Business Development Specialist II, Ghana",26.10.2023 | CATHOLIC RELIEF SERVICES,https://www.ghanajob.com/job-vacancies-ghana/business-development-specialist-ii-ghana-150049,Job Summary:&nbsp;As Business Development (BD) Specialist II you will lead the production of high-quality applications for funding in...,Region of : Ashanti - Brong Ahafo - Central - Eastern - Greater Accra -...,,,12/13/2023 00:00:00
0,150050,EMPOWER West Africa Emergency Program Quality and Business Development,26.10.2023 | CATHOLIC RELIEF SERVICES,https://www.ghanajob.com/job-vacancies-ghana/empower-west-africa-emergency-program-quality-business-development-150050,Job Summary:&nbsp;&nbsp;The&nbsp;EMPOWER West Africa Emergency Program Quality and Business Development&nbsp;Technical Advisor I (Emergency...,Region of : Ashanti - Brong Ahafo - Central - Eastern - Greater Accra -...,,,12/13/2023 00:00:00
0,150051,WARO Regional Risk and Compliance Manager,26.10.2023 | CATHOLIC RELIEF SERVICES,https://www.ghanajob.com/job-vacancies-ghana/waro-regional-risk-compliance-manager-150051,Job DescriptionAbout CRSCatholic Relief Services is the official international humanitarian agency of the Catholic community in the United...,Region of : Ashanti - Brong Ahafo - Central - Eastern - Greater Accra -...,,,12/13/2023 00:00:00
0,149874,UX/UI Designer,25.10.2023 | QUADCODE,https://www.ghanajob.com/job-vacancies-ghana/uxui-designer-149874,"We are&nbsp;Quadcode, a fintech company excelling in financial brokerage activities and delivering advanced financial products to our...",Region of : Ashanti - Brong Ahafo - Central - Eastern - Greater Accra -...,,,12/13/2023 00:00:00
0,149878,Application Security Analyst (Banking Team),25.10.2023 | QUADCODE,https://www.ghanajob.com/job-vacancies-ghana/application-security-analyst-banking-team-149878,"About teamWe are&nbsp;Quadcode,&nbsp;a company that develops a SaaS trading platform for clients around the world.Every business is unique...",Region of : Ashanti - Brong Ahafo - Central - Eastern - Greater Accra -...,,,12/13/2023 00:00:00
0,149881,Chief Architect,25.10.2023 | QUADCODE,https://www.ghanajob.com/job-vacancies-ghana/chief-architect-149881,"About teamWe are&nbsp;Quadcode, a fintech company excelling in financial brokerage activities and delivering advanced financial products to...",Region of : Ashanti - Brong Ahafo - Central - Eastern - Greater Accra -...,,,12/13/2023 00:00:00
0,149885,Data Analyst,25.10.2023 | QUADCODE,https://www.ghanajob.com/job-vacancies-ghana/data-analyst-149885,"We are&nbsp;Quadcode, a company that develops a SaaS trading platform for clients around the world.Sabio Trade is a trading firm dedicated...",Region of : Ashanti - Brong Ahafo - Central - Eastern - Greater Accra -...,,,12/13/2023 00:00:00
0,148184,ANGULAR Developer (M/F),12.10.2023 | AFRICASHORE,https://www.ghanajob.com/job-vacancies-ghana/angular-developer-mf-148184,"We are looking for ANGULAR Developer profiles / CVs to pass on to our clients for their future recruitment campaigns.
&nbsp;
Mission:...",Region of : Ashanti - Brong Ahafo - Central - Eastern - Greater Accra -...,,,12/13/2023 00:00:00
0,148185,DevOps Engineer (M/F),12.10.2023 | AFRICASHORE,https://www.ghanajob.com/job-vacancies-ghana/devops-engineer-mf-148185,"We are looking for DevOps Engineer profiles / CVs to pass on to our clients for their future recruitment campaigns.
&nbsp;
Mission:...",Region of : Ashanti - Brong Ahafo - Central - Eastern - Greater Accra -...,,,12/13/2023 00:00:00
0,148186,DOTNET Developer (M/F),12.10.2023 | AFRICASHORE,https://www.ghanajob.com/job-vacancies-ghana/dotnet-developer-mf-148186,"We are looking for DOTNET Developer profiles / CVs to pass on to our clients for their future recruitment campaigns.
&nbsp;
Mission:...",Region of : Ashanti - Brong Ahafo - Central - Eastern - Greater Accra -...,,,12/13/2023 00:00:00
0,148187,IOS Developer (M/F),12.10.2023 | AFRICASHORE,https://www.ghanajob.com/job-vacancies-ghana/ios-developer-mf-148187,"We are looking for iOS Developer profiles / CVs to pass on to our clients for their future recruitment campaigns.
&nbsp;
Mission:
&nbsp;...",Region of : Ashanti - Brong Ahafo - Central - Eastern - Greater Accra -...,,,12/13/2023 00:00:00
0,148188,JAVA Developer (M/F),12.10.2023 | AFRICASHORE,https://www.ghanajob.com/job-vacancies-ghana/java-developer-mf-148188,"We are looking for JAVA Developer profiles / CVs to pass on to our clients for their future recruitment campaigns.
&nbsp;
Mission:...",Region of : Ashanti - Brong Ahafo - Central - Eastern - Greater Accra -...,,,12/13/2023 00:00:00
0,148189,JAVA JEE Developer (M/F),12.10.2023 | AFRICASHORE,https://www.ghanajob.com/job-vacancies-ghana/java-jee-developer-mf-148189,"We are looking for JAVA JEE Developer profiles / CVs to pass on to our clients for their future recruitment campaigns.
&nbsp;
Mission:...",Region of : Ashanti - Brong Ahafo - Central - Eastern - Greater Accra -...,,,12/13/2023 00:00:00
0,148190,JAVASCRIPT Developer (M/F),12.10.2023 | AFRICASHORE,https://www.ghanajob.com/job-vacancies-ghana/javascript-developer-mf-148190,"We are looking for JAVASCRIPT Developer profiles / CVs to pass on to our clients for their future recruitment campaigns.
&nbsp;
Mission:...",Region of : Ashanti - Brong Ahafo - Central - Eastern - Greater Accra -...,,,12/13/2023 00:00:00
0,148191,KOTLIN Developer (M/F),12.10.2023 | AFRICASHORE,https://www.ghanajob.com/job-vacancies-ghana/kotlin-developer-mf-148191,"We are looking for KOTLIN Developer profiles / CVs to pass on to our clients for their future recruitment campaigns.
&nbsp;
Mission:...",Region of : Ashanti - Brong Ahafo - Central - Eastern - Greater Accra -...,,,12/13/2023 00:00:00
0,148192,LARAVEL Developer (M/F),12.10.2023 | AFRICASHORE,https://www.ghanajob.com/job-vacancies-ghana/laravel-developer-mf-148192,"We are looking for LARAVEL Developer profiles / CVs to pass on to our clients for their future recruitment campaigns.
&nbsp;
Mission:...",Region of : Ashanti - Brong Ahafo - Central - Eastern - Greater Accra -...,,,12/13/2023 00:00:00
0,148193,NODE.JS Developer (M/F),12.10.2023 | AFRICASHORE,https://www.ghanajob.com/job-vacancies-ghana/nodejs-developer-mf-148193,"We are looking for NODE.JS Developer profiles / CVs to pass on to our clients for their future recruitment campaigns.
&nbsp;
Mission:...",Region of : Ashanti - Brong Ahafo - Central - Eastern - Greater Accra -...,,,12/13/2023 00:00:00
0,148194,OBJECTIVE-C Developer (M/F),12.10.2023 | AFRICASHORE,https://www.ghanajob.com/job-vacancies-ghana/objective-c-developer-mf-148194,"We are looking for OBJECTIVE-C Developer profiles / CVs to pass on to our clients for their future recruitment campaigns.
&nbsp;
Mission:...",Region of : Ashanti - Brong Ahafo - Central - Eastern - Greater Accra -...,,,12/13/2023 00:00:00
0,148195,PHP Developer (M/F),12.10.2023 | AFRICASHORE,https://www.ghanajob.com/job-vacancies-ghana/php-developer-mf-148195,"We are looking for PHP Developer profiles / CVs to pass on to our clients for their future recruitment campaigns.
&nbsp;
Mission:
&nbsp;...",Region of : Ashanti - Brong Ahafo - Central - Eastern - Greater Accra -...,,,12/13/2023 00:00:00
0,148196,PYTHON Developer (M/F),12.10.2023 | AFRICASHORE,https://www.ghanajob.com/job-vacancies-ghana/python-developer-mf-148196,"We are looking for PYTHON Developer profiles / CVs to pass on to our clients for their future recruitment campaigns.
&nbsp;
Mission:...",Region of : Ashanti - Brong Ahafo - Central - Eastern - Greater Accra -...,,,12/13/2023 00:00:00
0,148197,QA Tester (M/F),12.10.2023 | AFRICASHORE,https://www.ghanajob.com/job-vacancies-ghana/qa-tester-mf-148197,"We are looking for QA Tester profiles / CVs to pass on to our clients for their future recruitment campaigns.
&nbsp;
Mission: 
&nbsp;...",Region of : Ashanti - Brong Ahafo - Central - Eastern - Greater Accra -...,,,12/13/2023 00:00:00
0,148198,REACT Developer (M/F),12.10.2023 | AFRICASHORE,https://www.ghanajob.com/job-vacancies-ghana/react-developer-mf-148198,"We are looking for REACT Developer profiles / CVs to pass on to our clients for their future recruitment campaigns.
&nbsp;
Mission:...",Region of : Ashanti - Brong Ahafo - Central - Eastern - Greater Accra -...,,,12/13/2023 00:00:00
0,148199,RUBY ON RAILS Developer (M/F),12.10.2023 | AFRICASHORE,https://www.ghanajob.com/job-vacancies-ghana/ruby-on-rails-developer-mf-148199,"We are looking for RUBY ON RAILS Developer profiles / CVs to pass on to our clients for their future recruitment campaigns.
&nbsp;
Mission...",Region of : Ashanti - Brong Ahafo - Central - Eastern - Greater Accra -...,,,12/13/2023 00:00:00
0,148200,SWIFT Developer (M/F),12.10.2023 | AFRICASHORE,https://www.ghanajob.com/job-vacancies-ghana/swift-developer-mf-148200,"We are looking for SWIFT Developer profiles / CVs to pass on to our clients for their future recruitment campaigns.
&nbsp;
Mission:...",Region of : Ashanti - Brong Ahafo - Central - Eastern - Greater Accra -...,,,12/13/2023 00:00:00
0,148201,Test and Validation Engineer (M/F),12.10.2023 | AFRICASHORE,https://www.ghanajob.com/job-vacancies-ghana/test-validation-engineer-mf-148201,"We are looking for Test and Validation Engineer profiles / CVs to pass on to our clients for their future recruitment campaigns.
&nbsp;...",Region of : Ashanti - Brong Ahafo - Central - Eastern - Greater Accra -...,,,12/13/2023 00:00:00
0,148202,Test Automation Engineer (M/F),12.10.2023 | AFRICASHORE,https://www.ghanajob.com/job-vacancies-ghana/test-automation-engineer-mf-148202,"We are looking for Test Automation Engineer profiles / CVs to pass on to our clients for their future recruitment campaigns.
&nbsp;
Mission...",Region of : Ashanti - Brong Ahafo - Central - Eastern - Greater Accra -...,,,12/13/2023 00:00:00
0,148203,UX / UI Designer (M/F),12.10.2023 | AFRICASHORE,https://www.ghanajob.com/job-vacancies-ghana/ux-ui-designer-mf-148203,"We are looking for UX / UI Designer profiles / CVs to pass on to our clients for their future recruitment campaigns.
&nbsp;
Mission:...",Region of : Ashanti - Brong Ahafo - Central - Eastern - Greater Accra -...,,,12/13/2023 00:00:00
0,148204,AWS Cloud Architect (M/F),12.10.2023 | AFRICASHORE,https://www.ghanajob.com/job-vacancies-ghana/aws-cloud-architect-mf-148204,We are looking for&nbsp;AWS Cloud Architect&nbsp;profiles / CVs to share with our clients for their future recruitment campaigns.&nbsp;...,Region of : Ashanti - Brong Ahafo - Central - Eastern - Greater Accra -...,,,12/13/2023 00:00:00
0,148205,AWS Solutions Architect (M/F),12.10.2023 | AFRICASHORE,https://www.ghanajob.com/job-vacancies-ghana/aws-solutions-architect-mf-148205,"We are looking for&nbsp;AWS Solutions Architect profiles / CVs to share with our clients for their future recruitment campaigns.
&nbsp;...",Region of : Ashanti - Brong Ahafo - Central - Eastern - Greater Accra -...,,,12/13/2023 00:00:00
0,148206,AZURE Solutions Architect (M/F),12.10.2023 | AFRICASHORE,https://www.ghanajob.com/job-vacancies-ghana/azure-solutions-architect-mf-148206,"We are looking for&nbsp;AZURE Solutions Architect profiles / CVs to share with our clients for their future recruitment campaigns.
&nbsp;...",Region of : Ashanti - Brong Ahafo - Central - Eastern - Greater Accra -...,,,12/13/2023 00:00:00
0,148207,Cloud Architect (M/F),12.10.2023 | AFRICASHORE,https://www.ghanajob.com/job-vacancies-ghana/cloud-architect-mf-148207,"We are looking for&nbsp;Cloud Architect profiles / CVs to share with our clients for their future recruitment campaigns.
&nbsp;
Mission:...",Region of : Ashanti - Brong Ahafo - Central - Eastern - Greater Accra -...,,,12/13/2023 00:00:00
0,148208,Cloud Computing and Virtualization Engineer (M/F),12.10.2023 | AFRICASHORE,https://www.ghanajob.com/job-vacancies-ghana/cloud-computing-virtualization-engineer-mf-148208,We are looking for&nbsp;Cloud Computing and Virtualization Engineer profiles / CVs to share with our clients for their future recruitment...,Region of : Ashanti - Brong Ahafo - Central - Eastern - Greater Accra -...,,,12/13/2023 00:00:00
0,148209,Cloud Engineer (M/F),12.10.2023 | AFRICASHORE,https://www.ghanajob.com/job-vacancies-ghana/cloud-engineer-mf-148209,"We are looking for&nbsp;Cloud Engineer&nbsp;profiles / CVs to share with our clients for their future recruitment campaigns.
&nbsp;
Mission...",Region of : Ashanti - Brong Ahafo - Central - Eastern - Greater Accra -...,,,12/13/2023 00:00:00
0,148210,Cloud Microservices Architect (M/F),12.10.2023 | AFRICASHORE,https://www.ghanajob.com/job-vacancies-ghana/cloud-microservices-architect-mf-148210,We are looking for&nbsp;Cloud Microservices Architect profiles / CVs to share with our clients for their future recruitment campaigns....,Region of : Ashanti - Brong Ahafo - Central - Eastern - Greater Accra -...,,,12/13/2023 00:00:00
0,148211,Cloud System Administrator (M/F),12.10.2023 | AFRICASHORE,https://www.ghanajob.com/job-vacancies-ghana/cloud-system-administrator-mf-148211,"We are looking for&nbsp;Cloud System Administrator profiles / CVs to share with our clients for their future recruitment campaigns.
&nbsp;...",Region of : Ashanti - Brong Ahafo - Central - Eastern - Greater Accra -...,,,12/13/2023 00:00:00
0,148212,Cloud System Integrator (M/F),12.10.2023 | AFRICASHORE,https://www.ghanajob.com/job-vacancies-ghana/cloud-system-integrator-mf-148212,"We are looking for Cloud System Integrator profiles / CVs to share with our clients for their future recruitment campaigns.
&nbsp;
Mission...",Region of : Ashanti - Brong Ahafo - Central - Eastern - Greater Accra -...,,,12/13/2023 00:00:00
0,148213,Cyber Security Engineer (M/F),12.10.2023 | AFRICASHORE,https://www.ghanajob.com/job-vacancies-ghana/cyber-security-engineer-mf-148213,"We are looking for Cyber Security Engineer profiles / CVs to share with our clients for their future recruitment campaigns.
&nbsp;
Mission...",Region of : Ashanti - Brong Ahafo - Central - Eastern - Greater Accra -...,,,12/13/2023 00:00:00
0,148214,DATASTAGE Architect (M/F),12.10.2023 | AFRICASHORE,https://www.ghanajob.com/job-vacancies-ghana/datastage-architect-mf-148214,"We are looking for DATASTAGE Architect profiles / CVs to share with our clients for their future recruitment campaigns.
&nbsp;
Mission:...",Region of : Ashanti - Brong Ahafo - Central - Eastern - Greater Accra -...,,,12/13/2023 00:00:00
0,148215,GENESYS Architect (M/F),12.10.2023 | AFRICASHORE,https://www.ghanajob.com/job-vacancies-ghana/genesys-architect-mf-148215,"We are looking for GENESYS Architect profiles / CVs to share with our clients for their future recruitment campaigns.
&nbsp;
Mission:

Deep...",Region of : Ashanti - Brong Ahafo - Central - Eastern - Greater Accra -...,,,12/13/2023 00:00:00
0,148216,Network Architect (M/F),12.10.2023 | AFRICASHORE,https://www.ghanajob.com/job-vacancies-ghana/network-architect-mf-148216,"We are looking for Network Architect profiles / CVs to share with our clients for their future recruitment campaigns.
&nbsp;
Mission:...",Region of : Ashanti - Brong Ahafo - Central - Eastern - Greater Accra -...,,,12/13/2023 00:00:00
0,148217,DBA IMS/DB2 Z/OS(M/F),12.10.2023 | AFRICASHORE,https://www.ghanajob.com/job-vacancies-ghana/dba-imsdb2-zosmf-148217,"We are looking for DBA IMS/DB2 Z/OS (M/F) profiles / CVs to pass on to our clients for their future recruitment campaigns.
		&nbsp;...",Region of : Ashanti - Brong Ahafo - Central - Eastern - Greater Accra -...,,,12/13/2023 00:00:00
0,148218,Z/OS System Engineer Senior Storage(M/F),12.10.2023 | AFRICASHORE,https://www.ghanajob.com/job-vacancies-ghana/zos-system-engineer-senior-storagemf-148218,We are looking for Z/OS System Engineer Senior Storage (M/F) profiles / CVs to pass on to our clients for their future recruitment...,Region of : Ashanti - Brong Ahafo - Central - Eastern - Greater Accra -...,,,12/13/2023 00:00:00
Id,JobId,Title,Employer,Source,Description,Location,Industry,ExpiryDate,ScrappedDate
0,148219,Middleware System Engineer Z/OS (M/F),12.10.2023 | AFRICASHORE,https://www.ghanajob.com/job-vacancies-ghana/middleware-system-engineer-zos-mf-148219,We are looking for Middleware System Engineer Z/OS (M/F) profiles / CVs to pass on to our clients for their future recruitment campaigns...,Region of : Ashanti - Brong Ahafo - Central - Eastern - Greater Accra -...,,,12/13/2023 00:00:00
